event,Direct,Email,Organic Search,Paid Ads,Social Media
add_to_cart,0.3966202783300199,0.416015625,0.3804123711340206,0.22136669874879691,0.41103017689906346
checkout_start,0.17892644135188868,0.1806640625,0.16494845360824742,0.06641000962463908,0.17793964620187305
landing_page,1.0,1.0,1.0,1.0,1.0
product_view,0.6908548707753479,0.7119140625,0.6876288659793814,0.5380173243503369,0.6982310093652445
purchase_complete,0.15009940357852883,0.1435546875,0.12371134020618557,0.03849855630413859,0.13735691987513007
